{
  "mae": 487.8932137092195,
  "rmse": 947.2350958076909,
  "r2": 0.5048956406347567,
  "median_ae": 95.05899727910565,
  "r2_log": 0.6804395657380906,
  "mape": 0.6807338952367041,
  "category_accuracy": 0.7631160572337043,
  "quantile_coverage": 0.6573926868044515,
  "quantile_avg_width_min": 1132.238599100116
}